{"test_dict":{"[20.0,0.0,4.0,0.2,1.2,2.4,4.0,6.0,0.2,0.2,0.2,0.2]":-0.05286786,"[0.0,0.0,0.0,0.0,0.0,0.0,0.0,0.0,0.0,0.0,0.0,0.0]":0.0026044808,"[0.0,4.0,0.0,0.2,4.0,4.0,4.0,4.0,0.2,0.2,0.2,0.2]":0.976678,"[0.0,-4.0,-4.0,0.0,-5.2,-6.4,-8.0,-10.0,0.0,0.0,0.0,0.0]":-1.1391441,"[20.0,4.0,4.0,0.0,5.2,6.4,8.0,10.0,0.0,0.0,0.0,0.0]":1.1668535,"[0.0,4.0,4.0,-0.2,5.2,6.4,8.0,10.0,-0.2,-0.2,-0.2,-0.2]":1.1602272,"[20.0,-4.0,4.0,0.0,-2.8,-1.6,0.0,2.0,0.0,0.0,0.0,0.0]":-1.0112525,"[40.0,4.0,4.0,-0.2,5.2,6.4,8.0,10.0,-0.2,-0.2,-0.2,-0.2]":1.1273583,"[20.0,4.0,-4.0,0.0,2.8,1.6,0.0,-2.0,0.0,0.0,0.0,0.0]":1.0266029,"[20.0,-4.0,-4.0,0.0,-5.2,-6.4,-8.0,-10.0,0.0,0.0,0.0,0.0]":-1.170218,"[20.0,0.0,-4.0,0.2,-1.2,-2.4,-4.0,-6.0,0.2,0.2,0.2,0.2]":-0.6929763,"[0.0,4.0,-4.0,0.2,2.8,1.6,0.0,-2.0,0.2,0.2,0.2,0.2]":0.79316944,"[40.0,4.0,0.0,0.0,4.0,4.0,4.0,4.0,0.0,0.0,0.0,0.0]":0.9846312,"[40.0,-4.0,-4.0,0.2,-5.2,-6.4,-8.0,-10.0,0.2,0.2,0.2,0.2]":-1.1065264,"[0.0,-4.0,0.0,0.2,-4.0,-4.0,-4.0,-4.0,0.2,0.2,0.2,0.2]":-1.1162031,"[0.0,0.0,-4.0,-0.2,-1.2,-2.4,-4.0,-6.0,-0.2,-0.2,-0.2,-0.2]":-0.6677487,"[0.0,0.0,4.0,-0.2,1.2,2.4,4.0,6.0,-0.2,-0.2,-0.2,-0.2]":1.0967134,"[0.0,-4.0,0.0,-0.2,-4.0,-4.0,-4.0,-4.0,-0.2,-0.2,-0.2,-0.2]":-0.94540143,"[0.0,4.0,-4.0,0.0,2.8,1.6,0.0,-2.0,0.0,0.0,0.0,0.0]":0.8229782,"[0.0,0.0,-4.0,0.0,-1.2,-2.4,-4.0,-6.0,0.0,0.0,0.0,0.0]":-0.9288301,"[40.0,0.0,-4.0,0.2,-1.2,-2.4,-4.0,-6.0,0.2,0.2,0.2,0.2]":-0.48709804,"[0.0,4.0,-4.0,-0.2,2.8,1.6,0.0,-2.0,-0.2,-0.2,-0.2,-0.2]":0.88431215,"[40.0,-4.0,-4.0,-0.2,-5.2,-6.4,-8.0,-10.0,-0.2,-0.2,-0.2,-0.2]":-1.0292733,"[40.0,-4.0,0.0,0.0,-4.0,-4.0,-4.0,-4.0,0.0,0.0,0.0,0.0]":-0.96103334,"[0.0,-4.0,0.0,0.0,-4.0,-4.0,-4.0,-4.0,0.0,0.0,0.0,0.0]":-1.0416939,"[20.0,0.0,-4.0,-0.2,-1.2,-2.4,-4.0,-6.0,-0.2,-0.2,-0.2,-0.2]":0.060438585,"[20.0,-4.0,0.0,0.2,-4.0,-4.0,-4.0,-4.0,0.2,0.2,0.2,0.2]":-1.364445,"[20.0,4.0,-4.0,-0.2,2.8,1.6,0.0,-2.0,-0.2,-0.2,-0.2,-0.2]":1.0835948,"[0.0,0.0,4.0,0.0,1.2,2.4,4.0,6.0,0.0,0.0,0.0,0.0]":0.9217373,"[0.0,-4.0,-4.0,-0.2,-5.2,-6.4,-8.0,-10.0,-0.2,-0.2,-0.2,-0.2]":-1.128939,"[0.0,4.0,4.0,0.2,5.2,6.4,8.0,10.0,0.2,0.2,0.2,0.2]":1.1680795,"[40.0,0.0,0.0,0.0,0.0,0.0,0.0,0.0,0.0,0.0,0.0,0.0]":0.0036676861,"[20.0,-4.0,-4.0,0.2,-5.2,-6.4,-8.0,-10.0,0.2,0.2,0.2,0.2]":-1.3897394,"[40.0,0.0,4.0,0.0,1.2,2.4,4.0,6.0,0.0,0.0,0.0,0.0]":0.34630436,"[40.0,0.0,4.0,0.2,1.2,2.4,4.0,6.0,0.2,0.2,0.2,0.2]":0.11958286,"[20.0,-4.0,0.0,-0.2,-4.0,-4.0,-4.0,-4.0,-0.2,-0.2,-0.2,-0.2]":-0.77280843,"[40.0,-4.0,4.0,0.0,-2.8,-1.6,0.0,2.0,0.0,0.0,0.0,0.0]":-0.77663475,"[20.0,4.0,4.0,-0.2,5.2,6.4,8.0,10.0,-0.2,-0.2,-0.2,-0.2]":1.403607,"[0.0,4.0,0.0,0.0,4.0,4.0,4.0,4.0,0.0,0.0,0.0,0.0]":1.0658219,"[20.0,4.0,0.0,0.2,4.0,4.0,4.0,4.0,0.2,0.2,0.2,0.2]":0.78605616,"[40.0,4.0,4.0,0.0,5.2,6.4,8.0,10.0,0.0,0.0,0.0,0.0]":1.1010575,"[0.0,-4.0,4.0,0.2,-2.8,-1.6,0.0,2.0,0.2,0.2,0.2,0.2]":-0.86906135,"[40.0,4.0,4.0,0.2,5.2,6.4,8.0,10.0,0.2,0.2,0.2,0.2]":1.0520188,"[20.0,0.0,-4.0,0.0,-1.2,-2.4,-4.0,-6.0,0.0,0.0,0.0,0.0]":-0.2700836,"[40.0,-4.0,4.0,-0.2,-2.8,-1.6,0.0,2.0,-0.2,-0.2,-0.2,-0.2]":-0.70303506,"[40.0,-4.0,0.0,0.2,-4.0,-4.0,-4.0,-4.0,0.2,0.2,0.2,0.2]":-1.0723553,"[0.0,4.0,0.0,-0.2,4.0,4.0,4.0,4.0,-0.2,-0.2,-0.2,-0.2]":1.1313524,"[20.0,-4.0,-4.0,-0.2,-5.2,-6.4,-8.0,-10.0,-0.2,-0.2,-0.2,-0.2]":-0.88518494,"[40.0,0.0,0.0,0.2,0.0,0.0,0.0,0.0,0.2,0.2,0.2,0.2]":-0.35728762,"[20.0,-4.0,4.0,-0.2,-2.8,-1.6,0.0,2.0,-0.2,-0.2,-0.2,-0.2]":-0.718604,"[40.0,-4.0,4.0,0.2,-2.8,-1.6,0.0,2.0,0.2,0.2,0.2,0.2]":-0.8765171,"[20.0,0.0,4.0,-0.2,1.2,2.4,4.0,6.0,-0.2,-0.2,-0.2,-0.2]":0.72445744,"[20.0,4.0,4.0,0.2,5.2,6.4,8.0,10.0,0.2,0.2,0.2,0.2]":0.8772402,"[0.0,-4.0,4.0,0.0,-2.8,-1.6,0.0,2.0,0.0,0.0,0.0,0.0]":-0.7974374,"[40.0,4.0,0.0,0.2,4.0,4.0,4.0,4.0,0.2,0.2,0.2,0.2]":0.85896945,"[20.0,0.0,0.0,0.0,0.0,0.0,0.0,0.0,0.0,0.0,0.0,0.0]":0.003303796,"[20.0,-4.0,0.0,0.0,-4.0,-4.0,-4.0,-4.0,0.0,0.0,0.0,0.0]":-1.1841441,"[0.0,4.0,4.0,0.0,5.2,6.4,8.0,10.0,0.0,0.0,0.0,0.0]":1.1728355,"[40.0,4.0,0.0,-0.2,4.0,4.0,4.0,4.0,-0.2,-0.2,-0.2,-0.2]":1.0961528,"[40.0,4.0,-4.0,0.2,2.8,1.6,0.0,-2.0,0.2,0.2,0.2,0.2]":0.7236756,"[20.0,0.0,4.0,0.0,1.2,2.4,4.0,6.0,0.0,0.0,0.0,0.0]":0.29452068,"[40.0,-4.0,0.0,-0.2,-4.0,-4.0,-4.0,-4.0,-0.2,-0.2,-0.2,-0.2]":-0.8315686,"[0.0,0.0,4.0,0.2,1.2,2.4,4.0,6.0,0.2,0.2,0.2,0.2]":0.62737,"[40.0,0.0,0.0,-0.2,0.0,0.0,0.0,0.0,-0.2,-0.2,-0.2,-0.2]":0.3656446,"[40.0,4.0,-4.0,-0.2,2.8,1.6,0.0,-2.0,-0.2,-0.2,-0.2,-0.2]":0.8965329,"[40.0,0.0,-4.0,-0.2,-1.2,-2.4,-4.0,-6.0,-0.2,-0.2,-0.2,-0.2]":-0.115604565,"[20.0,4.0,0.0,0.0,4.0,4.0,4.0,4.0,0.0,0.0,0.0,0.0]":1.1932223,"[0.0,-4.0,4.0,-0.2,-2.8,-1.6,0.0,2.0,-0.2,-0.2,-0.2,-0.2]":-0.76040566,"[40.0,-4.0,-4.0,0.0,-5.2,-6.4,-8.0,-10.0,0.0,0.0,0.0,0.0]":-1.0814915,"[20.0,0.0,0.0,0.2,0.0,0.0,0.0,0.0,0.2,0.2,0.2,0.2]":-0.58096415,"[0.0,0.0,-4.0,0.2,-1.2,-2.4,-4.0,-6.0,0.2,0.2,0.2,0.2]":-1.0772977,"[40.0,0.0,-4.0,0.0,-1.2,-2.4,-4.0,-6.0,0.0,0.0,0.0,0.0]":-0.33582354,"[20.0,4.0,-4.0,0.2,2.8,1.6,0.0,-2.0,0.2,0.2,0.2,0.2]":0.74339247,"[40.0,0.0,4.0,-0.2,1.2,2.4,4.0,6.0,-0.2,-0.2,-0.2,-0.2]":0.5018699,"[40.0,4.0,-4.0,0.0,2.8,1.6,0.0,-2.0,0.0,0.0,0.0,0.0]":0.79982865,"[20.0,0.0,0.0,-0.2,0.0,0.0,0.0,0.0,-0.2,-0.2,-0.2,-0.2]":0.59771913,"[20.0,4.0,0.0,-0.2,4.0,4.0,4.0,4.0,-0.2,-0.2,-0.2,-0.2]":1.3843731,"[20.0,-4.0,4.0,0.2,-2.8,-1.6,0.0,2.0,0.2,0.2,0.2,0.2]":-1.0798242,"[0.0,0.0,0.0,-0.2,0.0,0.0,0.0,0.0,-0.2,-0.2,-0.2,-0.2]":0.516114,"[0.0,-4.0,-4.0,0.2,-5.2,-6.4,-8.0,-10.0,0.2,0.2,0.2,0.2]":-1.1377494,"[0.0,0.0,0.0,0.2,0.0,0.0,0.0,0.0,0.2,0.2,0.2,0.2]":-0.5377673},"input_std":[[10.277582],[2.0015678],[0.8394724],[0.04552302],[1.9387552],[1.8446985],[1.7224036],[1.6489215],[0.045217067],[0.04487981],[0.044665474],[0.044485185]],"model_test_loss":0.017903445288538933,"input_size":12,"current_date_and_time":"2023-06-14_21-51-29","input_mean":[[18.96134],[0.04589703],[0.026306182],[0.00032073248],[0.056425985],[0.05485751],[0.050846223],[0.048418418],[0.00029847934],[0.00010579923],[-2.5556246e-5],[-3.1494594e-5]],"input_vars":["v_ego","lateral_accel","lateral_jerk","roll","lateral_accel_p03","lateral_accel_p06","lateral_accel_p10","lateral_accel_p15","roll_p03","roll_p06","roll_p10","roll_p15"],"output_size":1,"test_dict_zero_bias":{"[20.0,0.0,4.0,0.2,1.2,2.4,4.0,6.0,0.2,0.2,0.2,0.2]":0.0020293198,"[0.0,0.0,0.0,0.0,0.0,0.0,0.0,0.0,0.0,0.0,0.0,0.0]":-0.41084105,"[0.0,4.0,0.0,0.2,4.0,4.0,4.0,4.0,0.2,0.2,0.2,0.2]":1.1627305,"[0.0,-4.0,-4.0,0.0,-5.2,-6.4,-8.0,-10.0,0.0,0.0,0.0,0.0]":-1.100061,"[20.0,4.0,4.0,0.0,5.2,6.4,8.0,10.0,0.0,0.0,0.0,0.0]":1.3196177,"[0.0,4.0,4.0,-0.2,5.2,6.4,8.0,10.0,-0.2,-0.2,-0.2,-0.2]":1.354592,"[20.0,-4.0,4.0,0.0,-2.8,-1.6,0.0,2.0,0.0,0.0,0.0,0.0]":-1.0838671,"[40.0,4.0,4.0,-0.2,5.2,6.4,8.0,10.0,-0.2,-0.2,-0.2,-0.2]":1.25237,"[20.0,4.0,-4.0,0.0,2.8,1.6,0.0,-2.0,0.0,0.0,0.0,0.0]":1.1677337,"[20.0,-4.0,-4.0,0.0,-5.2,-6.4,-8.0,-10.0,0.0,0.0,0.0,0.0]":-1.1616696,"[20.0,0.0,-4.0,0.2,-1.2,-2.4,-4.0,-6.0,0.2,0.2,0.2,0.2]":-0.9414685,"[0.0,4.0,-4.0,0.2,2.8,1.6,0.0,-2.0,0.2,0.2,0.2,0.2]":0.95269215,"[40.0,4.0,0.0,0.0,4.0,4.0,4.0,4.0,0.0,0.0,0.0,0.0]":1.098602,"[40.0,-4.0,-4.0,0.2,-5.2,-6.4,-8.0,-10.0,0.2,0.2,0.2,0.2]":-1.1755574,"[0.0,-4.0,0.0,0.2,-4.0,-4.0,-4.0,-4.0,0.2,0.2,0.2,0.2]":-1.1450888,"[0.0,0.0,-4.0,-0.2,-1.2,-2.4,-4.0,-6.0,-0.2,-0.2,-0.2,-0.2]":-0.73715776,"[0.0,0.0,4.0,-0.2,1.2,2.4,4.0,6.0,-0.2,-0.2,-0.2,-0.2]":0.92266303,"[0.0,-4.0,0.0,-0.2,-4.0,-4.0,-4.0,-4.0,-0.2,-0.2,-0.2,-0.2]":-0.9549595,"[0.0,4.0,-4.0,0.0,2.8,1.6,0.0,-2.0,0.0,0.0,0.0,0.0]":0.96591395,"[0.0,0.0,-4.0,0.0,-1.2,-2.4,-4.0,-6.0,0.0,0.0,0.0,0.0]":-1.023163,"[40.0,0.0,-4.0,0.2,-1.2,-2.4,-4.0,-6.0,0.2,0.2,0.2,0.2]":-0.46894482,"[0.0,4.0,-4.0,-0.2,2.8,1.6,0.0,-2.0,-0.2,-0.2,-0.2,-0.2]":1.0315781,"[40.0,-4.0,-4.0,-0.2,-5.2,-6.4,-8.0,-10.0,-0.2,-0.2,-0.2,-0.2]":-1.1431739,"[40.0,-4.0,0.0,0.0,-4.0,-4.0,-4.0,-4.0,0.0,0.0,0.0,0.0]":-1.0866901,"[0.0,-4.0,0.0,0.0,-4.0,-4.0,-4.0,-4.0,0.0,0.0,0.0,0.0]":-1.0557832,"[20.0,0.0,-4.0,-0.2,-1.2,-2.4,-4.0,-6.0,-0.2,-0.2,-0.2,-0.2]":-0.05019153,