{"test_dict":{"[20.0,0.0,4.0,0.2,1.2,2.4,4.0,6.0,0.2,0.2,0.2,0.2]":0.63316983,"[0.0,0.0,0.0,0.0,0.0,0.0,0.0,0.0,0.0,0.0,0.0,0.0]":-0.05178949,"[0.0,4.0,0.0,0.2,4.0,4.0,4.0,4.0,0.2,0.2,0.2,0.2]":0.86622226,"[0.0,-4.0,-4.0,0.0,-5.2,-6.4,-8.0,-10.0,0.0,0.0,0.0,0.0]":-1.1200423,"[20.0,4.0,4.0,0.0,5.2,6.4,8.0,10.0,0.0,0.0,0.0,0.0]":1.0996218,"[0.0,4.0,4.0,-0.2,5.2,6.4,8.0,10.0,-0.2,-0.2,-0.2,-0.2]":1.1439822,"[20.0,-4.0,4.0,0.0,-2.8,-1.6,0.0,2.0,0.0,0.0,0.0,0.0]":-0.7979556,"[40.0,4.0,4.0,-0.2,5.2,6.4,8.0,10.0,-0.2,-0.2,-0.2,-0.2]":1.0835868,"[20.0,4.0,-4.0,0.0,2.8,1.6,0.0,-2.0,0.0,0.0,0.0,0.0]":0.7728591,"[20.0,-4.0,-4.0,0.0,-5.2,-6.4,-8.0,-10.0,0.0,0.0,0.0,0.0]":-1.1118407,"[20.0,0.0,-4.0,0.2,-1.2,-2.4,-4.0,-6.0,0.2,0.2,0.2,0.2]":-0.98986214,"[0.0,4.0,-4.0,0.2,2.8,1.6,0.0,-2.0,0.2,0.2,0.2,0.2]":0.6002733,"[40.0,4.0,0.0,0.0,4.0,4.0,4.0,4.0,0.0,0.0,0.0,0.0]":0.8004112,"[40.0,-4.0,-4.0,0.2,-5.2,-6.4,-8.0,-10.0,0.2,0.2,0.2,0.2]":-1.0936127,"[0.0,-4.0,0.0,0.2,-4.0,-4.0,-4.0,-4.0,0.2,0.2,0.2,0.2]":-1.0542367,"[0.0,0.0,-4.0,-0.2,-1.2,-2.4,-4.0,-6.0,-0.2,-0.2,-0.2,-0.2]":-0.79087764,"[0.0,0.0,4.0,-0.2,1.2,2.4,4.0,6.0,-0.2,-0.2,-0.2,-0.2]":1.0416672,"[0.0,-4.0,0.0,-0.2,-4.0,-4.0,-4.0,-4.0,-0.2,-0.2,-0.2,-0.2]":-0.87244564,"[0.0,4.0,-4.0,0.0,2.8,1.6,0.0,-2.0,0.0,0.0,0.0,0.0]":0.76319486,"[0.0,0.0,-4.0,0.0,-1.2,-2.4,-4.0,-6.0,0.0,0.0,0.0,0.0]":-0.9775743,"[40.0,0.0,-4.0,0.2,-1.2,-2.4,-4.0,-6.0,0.2,0.2,0.2,0.2]":-0.90298676,"[0.0,4.0,-4.0,-0.2,2.8,1.6,0.0,-2.0,-0.2,-0.2,-0.2,-0.2]":0.81940174,"[40.0,-4.0,-4.0,-0.2,-5.2,-6.4,-8.0,-10.0,-0.2,-0.2,-0.2,-0.2]":-1.1037849,"[40.0,-4.0,0.0,0.0,-4.0,-4.0,-4.0,-4.0,0.0,0.0,0.0,0.0]":-0.8049699,"[0.0,-4.0,0.0,0.0,-4.0,-4.0,-4.0,-4.0,0.0,0.0,0.0,0.0]":-0.9325105,"[20.0,0.0,-4.0,-0.2,-1.2,-2.4,-4.0,-6.0,-0.2,-0.2,-0.2,-0.2]":-0.66712976,"[20.0,-4.0,0.0,0.2,-4.0,-4.0,-4.0,-4.0,0.2,0.2,0.2,0.2]":-1.0951389,"[20.0,4.0,-4.0,-0.2,2.8,1.6,0.0,-2.0,-0.2,-0.2,-0.2,-0.2]":0.80390245,"[0.0,0.0,4.0,0.0,1.2,2.4,4.0,6.0,0.0,0.0,0.0,0.0]":0.99612176,"[0.0,-4.0,-4.0,-0.2,-5.2,-6.4,-8.0,-10.0,-0.2,-0.2,-0.2,-0.2]":-1.1075215,"[0.0,4.0,4.0,0.2,5.2,6.4,8.0,10.0,0.2,0.2,0.2,0.2]":1.1043818,"[40.0,0.0,0.0,0.0,0.0,0.0,0.0,0.0,0.0,0.0,0.0,0.0]":-0.0097616855,"[20.0,-4.0,-4.0,0.2,-5.2,-6.4,-8.0,-10.0,0.2,0.2,0.2,0.2]":-1.1652067,"[40.0,0.0,4.0,0.0,1.2,2.4,4.0,6.0,0.0,0.0,0.0,0.0]":0.9203292,"[40.0,0.0,4.0,0.2,1.2,2.4,4.0,6.0,0.2,0.2,0.2,0.2]":0.8815709,"[20.0,-4.0,0.0,-0.2,-4.0,-4.0,-4.0,-4.0,-0.2,-0.2,-0.2,-0.2]":-0.8643425,"[40.0,-4.0,4.0,0.0,-2.8,-1.6,0.0,2.0,0.0,0.0,0.0,0.0]":-0.37091476,"[20.0,4.0,4.0,-0.2,5.2,6.4,8.0,10.0,-0.2,-0.2,-0.2,-0.2]":1.1541117,"[0.0,4.0,0.0,0.0,4.0,4.0,4.0,4.0,0.0,0.0,0.0,0.0]":0.9270123,"[20.0,4.0,0.0,0.2,4.0,4.0,4.0,4.0,0.2,0.2,0.2,0.2]":0.85240465,"[40.0,4.0,4.0,0.0,5.2,6.4,8.0,10.0,0.0,0.0,0.0,0.0]":1.086793,"[0.0,-4.0,4.0,0.2,-2.8,-1.6,0.0,2.0,0.2,0.2,0.2,0.2]":-0.8319804,"[40.0,4.0,4.0,0.2,5.2,6.4,8.0,10.0,0.2,0.2,0.2,0.2]":1.0872798,"[20.0,0.0,-4.0,0.0,-1.2,-2.4,-4.0,-6.0,0.0,0.0,0.0,0.0]":-0.8858182,"[40.0,-4.0,4.0,-0.2,-2.8,-1.6,0.0,2.0,-0.2,-0.2,-0.2,-0.2]":-0.37117875,"[40.0,-4.0,0.0,0.2,-4.0,-4.0,-4.0,-4.0,0.2,0.2,0.2,0.2]":-0.81681097,"[0.0,4.0,0.0,-0.2,4.0,4.0,4.0,4.0,-0.2,-0.2,-0.2,-0.2]":1.0561341,"[20.0,-4.0,-4.0,-0.2,-5.2,-6.4,-8.0,-10.0,-0.2,-0.2,-0.2,-0.2]":-1.0704601,"[40.0,0.0,0.0,0.2,0.0,0.0,0.0,0.0,0.2,0.2,0.2,0.2]":-0.25758886,"[20.0,-4.0,4.0,-0.2,-2.8,-1.6,0.0,2.0,-0.2,-0.2,-0.2,-0.2]":-0.6652555,"[40.0,-4.0,4.0,0.2,-2.8,-1.6,0.0,2.0,0.2,0.2,0.2,0.2]":-0.38249785,"[20.0,0.0,4.0,-0.2,1.2,2.4,4.0,6.0,-0.2,-0.2,-0.2,-0.2]":0.9752708,"[20.0,4.0,4.0,0.2,5.2,6.4,8.0,10.0,0.2,0.2,0.2,0.2]":1.0671264,"[0.0,-4.0,4.0,0.0,-2.8,-1.6,0.0,2.0,0.0,0.0,0.0,0.0]":-0.7648927,"[40.0,4.0,0.0,0.2,4.0,4.0,4.0,4.0,0.2,0.2,0.2,0.2]":0.7924171,"[20.0,0.0,0.0,0.0,0.0,0.0,0.0,0.0,0.0,0.0,0.0,0.0]":0.013427604,"[20.0,-4.0,0.0,0.0,-4.0,-4.0,-4.0,-4.0,0.0,0.0,0.0,0.0]":-0.9730241,"[0.0,4.0,4.0,0.0,5.2,6.4,8.0,10.0,0.0,0.0,0.0,0.0]":1.1220474,"[40.0,4.0,0.0,-0.2,4.0,4.0,4.0,4.0,-0.2,-0.2,-0.2,-0.2]":0.80871695,"[40.0,4.0,-4.0,0.2,2.8,1.6,0.0,-2.0,0.2,0.2,0.2,0.2]":0.32574666,"[20.0,0.0,4.0,0.0,1.2,2.4,4.0,6.0,0.0,0.0,0.0,0.0]":0.86463267,"[40.0,-4.0,0.0,-0.2,-4.0,-4.0,-4.0,-4.0,-0.2,-0.2,-0.2,-0.2]":-0.7890972,"[0.0,0.0,4.0,0.2,1.2,2.4,4.0,6.0,0.2,0.2,0.2,0.2]":0.81120646,"[40.0,0.0,0.0,-0.2,0.0,0.0,0.0,0.0,-0.2,-0.2,-0.2,-0.2]":0.23551269,"[40.0,4.0,-4.0,-0.2,2.8,1.6,0.0,-2.0,-0.2,-0.2,-0.2,-0.2]":0.35899797,"[40.0,0.0,-4.0,-0.2,-1.2,-2.4,-4.0,-6.0,-0.2,-0.2,-0.2,-0.2]":-0.84615,"[20.0,4.0,0.0,0.0,4.0,4.0,4.0,4.0,0.0,0.0,0.0,0.0]":0.9712587,"[0.0,-4.0,4.0,-0.2,-2.8,-1.6,0.0,2.0,-0.2,-0.2,-0.2,-0.2]":-0.60368574,"[40.0,-4.0,-4.0,0.0,-5.2,-6.4,-8.0,-10.0,0.0,0.0,0.0,0.0]":-1.0987464,"[20.0,0.0,0.0,0.2,0.0,0.0,0.0,0.0,0.2,0.2,0.2,0.2]":-0.4524814,"[0.0,0.0,-4.0,0.2,-1.2,-2.4,-4.0,-6.0,0.2,0.2,0.2,0.2]":-1.0325202,"[40.0,0.0,-4.0,0.0,-1.2,-2.4,-4.0,-6.0,0.0,0.0,0.0,0.0]":-0.8746861,"[20.0,4.0,-4.0,0.2,2.8,1.6,0.0,-2.0,0.2,0.2,0.2,0.2]":0.64534974,"[40.0,0.0,4.0,-0.2,1.2,2.4,4.0,6.0,-0.2,-0.2,-0.2,-0.2]":0.9293036,"[40.0,4.0,-4.0,0.0,2.8,1.6,0.0,-2.0,0.0,0.0,0.0,0.0]":0.33516306,"[20.0,0.0,0.0,-0.2,0.0,0.0,0.0,0.0,-0.2,-0.2,-0.2,-0.2]":0.4310667,"[20.0,4.0,0.0,-0.2,4.0,4.0,4.0,4.0,-0.2,-0.2,-0.2,-0.2]":1.0907615,"[20.0,-4.0,4.0,0.2,-2.8,-1.6,0.0,2.0,0.2,0.2,0.2,0.2]":-0.82729304,"[0.0,0.0,0.0,-0.2,0.0,0.0,0.0,0.0,-0.2,-0.2,-0.2,-0.2]":0.22947559,"[0.0,-4.0,-4.0,0.2,-5.2,-6.4,-8.0,-10.0,0.2,0.2,0.2,0.2]":-1.1438661,"[0.0,0.0,0.0,0.2,0.0,0.0,0.0,0.0,0.2,0.2,0.2,0.2]":-0.30148798},"input_std":[[4.397965],[1.2063382],[1.5035138],[0.0254729],[1.1609259],[1.1305201],[1.0950999],[1.1321813],[0.025323935],[0.025348026],[0.025354398],[0.025492001]],"model_test_loss":0.015314074233174324,"input_size":12,"current_date_and_time":"2023-06-14_23-27-23","input_mean":[[10.051286],[-0.54856396],[-0.26607],[-0.015643518],[-0.59981835],[-0.61910516],[-0.6209498],[-0.6135722],[-0.015417572],[-0.015479216],[-0.0165419],[-0.01700704]],"input_vars":["v_ego","lateral_accel","lateral_jerk","roll","lateral_accel_p03","lateral_accel_p06","lateral_accel_p10","lateral_accel_p15","roll_p03","roll_p06","roll_p10","roll_p15"],"output_size":1,"test_dict_zero_bias":{"[20.0,0.0,4.0,0.2,1.2,2.4,4.0,6.0,0.2,0.2,0.2,0.2]":0.7834989,"[0.0,0.0,0.0,0.0,0.0,0.0,0.0,0.0,0.0,0.0,0.0,0.0]":0.6894586,"[0.0,4.0,0.0,0.2,4.0,4.0,4.0,4.0,0.2,0.2,0.2,0.2]":1.1377215,"[0.0,-4.0,-4.0,0.0,-5.2,-6.4,-8.0,-10.0,0.0,0.0,0.0,0.0]":-1.0449953,"[20.0,4.0,4.0,0.0,5.2,6.4,8.0,10.0,0.0,0.0,0.0,0.0]":1.1819674,"[0.0,4.0,4.0,-0.2,5.2,6.4,8.0,10.0,-0.2,-0.2,-0.2,-0.2]":1.2566822,"[20.0,-4.0,4.0,0.0,-2.8,-1.6,0.0,2.0,0.0,0.0,0.0,0.0]":-0.66680026,"[40.0,4.0,4.0,-0.2,5.2,6.4,8.0,10.0,-0.2,-0.2,-0.2,-0.2]":1.177296,"[20.0,4.0,-4.0,0.0,2.8,1.6,0.0,-2.0,0.0,0.0,0.0,0.0]":0.9129939,"[20.0,-4.0,-4.0,0.0,-5.2,-6.4,-8.0,-10.0,0.0,0.0,0.0,0.0]":-1.0327735,"[20.0,0.0,-4.0,0.2,-1.2,-2.4,-4.0,-6.0,0.2,0.2,0.2,0.2]":-0.891096,"[0.0,4.0,-4.0,0.2,2.8,1.6,0.0,-2.0,0.2,0.2,0.2,0.2]":0.75063133,"[40.0,4.0,0.0,0.0,4.0,4.0,4.0,4.0,0.0,0.0,0.0,0.0]":1.0887699,"[40.0,-4.0,-4.0,0.2,-5.2,-6.4,-8.0,-10.0,0.2,0.2,0.2,0.2]":-1.0111524,"[0.0,-4.0,0.0,0.2,-4.0,-4.0,-4.0,-4.0,0.2,0.2,0.2,0.2]":-0.8620883,"[0.0,0.0,-4.0,-0.2,-1.2,-2.4,-4.0,-6.0,-0.2,-0.2,-0.2,-0.2]":-0.60272497,"[0.0,0.0,4.0,-0.2,1.2,2.4,4.0,6.0,-0.2,-0.2,-0.2,-0.2]":1.1665623,"[0.0,-4.0,0.0,-0.2,-4.0,-4.0,-4.0,-4.0,-0.2,-0.2,-0.2,-0.2]":-0.6438103,"[0.0,4.0,-4.0,0.0,2.8,1.6,0.0,-2.0,0.0,0.0,0.0,0.0]":0.90640837,"[0.0,0.0,-4.0,0.0,-1.2,-2.4,-4.0,-6.0,0.0,0.0,0.0,0.0]":-0.82123554,"[40.0,0.0,-4.0,0.2,-1.2,-2.4,-4.0,-6.0,0.2,0.2,0.2,0.2]":-0.8204904,"[0.0,4.0,-4.0,-0.2,2.8,1.6,0.0,-2.0,-0.2,-0.2,-0.2,-0.2]":0.94989425,"[40.0,-4.0,-4.0,-0.2,-5.2,-6.4,-8.0,-10.0,-0.2,-0.2,-0.2,-0.2]":-1.0232453,"[40.0,-4.0,0.0,0.0,-4.0,-4.0,-4.0,-4.0,0.0,0.0,0.0,0.0]":-0.5641494,"[0.0,-4.0,0.0,0.0,-4.0,-4.0,-4.0,-4.0,0.0,0.0,0.0,0.0]":-0.7240377,"[20.0,0.0,-4.0,-0.2,-1.2,-2.4,-4.0,-6.0,-0.2,-0.2,-0.2,-0.2]":-0.61978406,