{"test_dict":{"[20.0,0.0,4.0,0.2,1.2,2.4,4.0,6.0,0.2,0.2,0.2,0.2]":0.037349932,"[0.0,0.0,0.0,0.0,0.0,0.0,0.0,0.0,0.0,0.0,0.0,0.0]":0.008237941,"[0.0,4.0,0.0,0.2,4.0,4.0,4.0,4.0,0.2,0.2,0.2,0.2]":1.0191044,"[0.0,-4.0,-4.0,0.0,-5.2,-6.4,-8.0,-10.0,0.0,0.0,0.0,0.0]":-1.3027431,"[20.0,4.0,4.0,0.0,5.2,6.4,8.0,10.0,0.0,0.0,0.0,0.0]":1.2365655,"[0.0,4.0,4.0,-0.2,5.2,6.4,8.0,10.0,-0.2,-0.2,-0.2,-0.2]":1.325511,"[20.0,-4.0,4.0,0.0,-2.8,-1.6,0.0,2.0,0.0,0.0,0.0,0.0]":-0.87170666,"[40.0,4.0,4.0,-0.2,5.2,6.4,8.0,10.0,-0.2,-0.2,-0.2,-0.2]":1.3099402,"[20.0,4.0,-4.0,0.0,2.8,1.6,0.0,-2.0,0.0,0.0,0.0,0.0]":0.86293656,"[20.0,-4.0,-4.0,0.0,-5.2,-6.4,-8.0,-10.0,0.0,0.0,0.0,0.0]":-1.2680215,"[20.0,0.0,-4.0,0.2,-1.2,-2.4,-4.0,-6.0,0.2,0.2,0.2,0.2]":-0.6391638,"[0.0,4.0,-4.0,0.2,2.8,1.6,0.0,-2.0,0.2,0.2,0.2,0.2]":0.7466061,"[40.0,4.0,0.0,0.0,4.0,4.0,4.0,4.0,0.0,0.0,0.0,0.0]":1.2245908,"[40.0,-4.0,-4.0,0.2,-5.2,-6.4,-8.0,-10.0,0.2,0.2,0.2,0.2]":-1.353551,"[0.0,-4.0,0.0,0.2,-4.0,-4.0,-4.0,-4.0,0.2,0.2,0.2,0.2]":-1.3361958,"[0.0,0.0,-4.0,-0.2,-1.2,-2.4,-4.0,-6.0,-0.2,-0.2,-0.2,-0.2]":-0.06555688,"[0.0,0.0,4.0,-0.2,1.2,2.4,4.0,6.0,-0.2,-0.2,-0.2,-0.2]":0.69314986,"[0.0,-4.0,0.0,-0.2,-4.0,-4.0,-4.0,-4.0,-0.2,-0.2,-0.2,-0.2]":-1.0198401,"[0.0,4.0,-4.0,0.0,2.8,1.6,0.0,-2.0,0.0,0.0,0.0,0.0]":0.8195742,"[0.0,0.0,-4.0,0.0,-1.2,-2.4,-4.0,-6.0,0.0,0.0,0.0,0.0]":-0.4613502,"[40.0,0.0,-4.0,0.2,-1.2,-2.4,-4.0,-6.0,0.2,0.2,0.2,0.2]":-0.65677476,"[0.0,4.0,-4.0,-0.2,2.8,1.6,0.0,-2.0,-0.2,-0.2,-0.2,-0.2]":0.86648077,"[40.0,-4.0,-4.0,-0.2,-5.2,-6.4,-8.0,-10.0,-0.2,-0.2,-0.2,-0.2]":-1.1862905,"[40.0,-4.0,0.0,0.0,-4.0,-4.0,-4.0,-4.0,0.0,0.0,0.0,0.0]":-1.2398981,"[0.0,-4.0,0.0,0.0,-4.0,-4.0,-4.0,-4.0,0.0,0.0,0.0,0.0]":-1.2385767,"[20.0,0.0,-4.0,-0.2,-1.2,-2.4,-4.0,-6.0,-0.2,-0.2,-0.2,-0.2]":-0.043050133,"[20.0,-4.0,0.0,0.2,-4.0,-4.0,-4.0,-4.0,0.2,0.2,0.2,0.2]":-1.3666182,"[20.0,4.0,-4.0,-0.2,2.8,1.6,0.0,-2.0,-0.2,-0.2,-0.2,-0.2]":0.8816591,"[0.0,0.0,4.0,0.0,1.2,2.4,4.0,6.0,0.0,0.0,0.0,0.0]":0.46012735,"[0.0,-4.0,-4.0,-0.2,-5.2,-6.4,-8.0,-10.0,-0.2,-0.2,-0.2,-0.2]":-1.1667452,"[0.0,4.0,4.0,0.2,5.2,6.4,8.0,10.0,0.2,0.2,0.2,0.2]":1.146277,"[40.0,0.0,0.0,0.0,0.0,0.0,0.0,0.0,0.0,0.0,0.0,0.0]":-0.01056765,"[20.0,-4.0,-4.0,0.2,-5.2,-6.4,-8.0,-10.0,0.2,0.2,0.2,0.2]":-1.4054401,"[40.0,0.0,4.0,0.0,1.2,2.4,4.0,6.0,0.0,0.0,0.0,0.0]":0.498524,"[40.0,0.0,4.0,0.2,1.2,2.4,4.0,6.0,0.2,0.2,0.2,0.2]":0.067837484,"[20.0,-4.0,0.0,-0.2,-4.0,-4.0,-4.0,-4.0,-0.2,-0.2,-0.2,-0.2]":-0.99594826,"[40.0,-4.0,4.0,0.0,-2.8,-1.6,0.0,2.0,0.0,0.0,0.0,0.0]":-0.8213027,"[20.0,4.0,4.0,-0.2,5.2,6.4,8.0,10.0,-0.2,-0.2,-0.2,-0.2]":1.3858452,"[0.0,4.0,0.0,0.0,4.0,4.0,4.0,4.0,0.0,0.0,0.0,0.0]":1.2286626,"[20.0,4.0,0.0,0.2,4.0,4.0,4.0,4.0,0.2,0.2,0.2,0.2]":0.98466724,"[40.0,4.0,4.0,0.0,5.2,6.4,8.0,10.0,0.0,0.0,0.0,0.0]":1.3010604,"[0.0,-4.0,4.0,0.2,-2.8,-1.6,0.0,2.0,0.2,0.2,0.2,0.2]":-0.89874285,"[40.0,4.0,4.0,0.2,5.2,6.4,8.0,10.0,0.2,0.2,0.2,0.2]":1.1642877,"[20.0,0.0,-4.0,0.0,-1.2,-2.4,-4.0,-6.0,0.0,0.0,0.0,0.0]":-0.37678042,"[40.0,-4.0,4.0,-0.2,-2.8,-1.6,0.0,2.0,-0.2,-0.2,-0.2,-0.2]":-0.7578418,"[40.0,-4.0,0.0,0.2,-4.0,-4.0,-4.0,-4.0,0.2,0.2,0.2,0.2]":-1.3191026,"[0.0,4.0,0.0,-0.2,4.0,4.0,4.0,4.0,-0.2,-0.2,-0.2,-0.2]":1.3222828,"[20.0,-4.0,-4.0,-0.2,-5.2,-6.4,-8.0,-10.0,-0.2,-0.2,-0.2,-0.2]":-1.1234374,"[40.0,0.0,0.0,0.2,0.0,0.0,0.0,0.0,0.2,0.2,0.2,0.2]":-0.4606234,"[20.0,-4.0,4.0,-0.2,-2.8,-1.6,0.0,2.0,-0.2,-0.2,-0.2,-0.2]":-0.859,"[40.0,-4.0,4.0,0.2,-2.8,-1.6,0.0,2.0,0.2,0.2,0.2,0.2]":-0.8829803,"[20.0,0.0,4.0,-0.2,1.2,2.4,4.0,6.0,-0.2,-0.2,-0.2,-0.2]":0.653056,"[20.0,4.0,4.0,0.2,5.2,6.4,8.0,10.0,0.2,0.2,0.2,0.2]":1.0944827,"[0.0,-4.0,4.0,0.0,-2.8,-1.6,0.0,2.0,0.0,0.0,0.0,0.0]":-0.8453508,"[40.0,4.0,0.0,0.2,4.0,4.0,4.0,4.0,0.2,0.2,0.2,0.2]":1.0295858,"[20.0,0.0,0.0,0.0,0.0,0.0,0.0,0.0,0.0,0.0,0.0,0.0]":-0.010224946,"[20.0,-4.0,0.0,0.0,-4.0,-4.0,-4.0,-4.0,0.0,0.0,0.0,0.0]":-1.3129957,"[0.0,4.0,4.0,0.0,5.2,6.4,8.0,10.0,0.0,0.0,0.0,0.0]":1.2865077,"[40.0,4.0,0.0,-0.2,4.0,4.0,4.0,4.0,-0.2,-0.2,-0.2,-0.2]":1.3074089,"[40.0,4.0,-4.0,0.2,2.8,1.6,0.0,-2.0,0.2,0.2,0.2,0.2]":0.76181275,"[20.0,0.0,4.0,0.0,1.2,2.4,4.0,6.0,0.0,0.0,0.0,0.0]":0.38760024,"[40.0,-4.0,0.0,-0.2,-4.0,-4.0,-4.0,-4.0,-0.2,-0.2,-0.2,-0.2]":-1.046711,"[0.0,0.0,4.0,0.2,1.2,2.4,4.0,6.0,0.2,0.2,0.2,0.2]":0.06486338,"[40.0,0.0,0.0,-0.2,0.0,0.0,0.0,0.0,-0.2,-0.2,-0.2,-0.2]":0.44826248,"[40.0,4.0,-4.0,-0.2,2.8,1.6,0.0,-2.0,-0.2,-0.2,-0.2,-0.2]":0.87206465,"[40.0,0.0,-4.0,-0.2,-1.2,-2.4,-4.0,-6.0,-0.2,-0.2,-0.2,-0.2]":-0.08740325,"[20.0,4.0,0.0,0.0,4.0,4.0,4.0,4.0,0.0,0.0,0.0,0.0]":1.3151736,"[0.0,-4.0,4.0,-0.2,-2.8,-1.6,0.0,2.0,-0.2,-0.2,-0.2,-0.2]":-0.77456605,"[40.0,-4.0,-4.0,0.0,-5.2,-6.4,-8.0,-10.0,0.0,0.0,0.0,0.0]":-1.3337563,"[20.0,0.0,0.0,0.2,0.0,0.0,0.0,0.0,0.2,0.2,0.2,0.2]":-0.5740456,"[0.0,0.0,-4.0,0.2,-1.2,-2.4,-4.0,-6.0,0.2,0.2,0.2,0.2]":-0.6489409,"[40.0,0.0,-4.0,0.0,-1.2,-2.4,-4.0,-6.0,0.0,0.0,0.0,0.0]":-0.4808427,"[20.0,4.0,-4.0,0.2,2.8,1.6,0.0,-2.0,0.2,0.2,0.2,0.2]":0.85626274,"[40.0,0.0,4.0,-0.2,1.2,2.4,4.0,6.0,-0.2,-0.2,-0.2,-0.2]":0.68090504,"[40.0,4.0,-4.0,0.0,2.8,1.6,0.0,-2.0,0.0,0.0,0.0,0.0]":0.81686765,"[20.0,0.0,0.0,-0.2,0.0,0.0,0.0,0.0,-0.2,-0.2,-0.2,-0.2]":0.56299573,"[20.0,4.0,0.0,-0.2,4.0,4.0,4.0,4.0,-0.2,-0.2,-0.2,-0.2]":1.3650261,"[20.0,-4.0,4.0,0.2,-2.8,-1.6,0.0,2.0,0.2,0.2,0.2,0.2]":-0.9005506,"[0.0,0.0,0.0,-0.2,0.0,0.0,0.0,0.0,-0.2,-0.2,-0.2,-0.2]":0.47897473,"[0.0,-4.0,-4.0,0.2,-5.2,-6.4,-8.0,-10.0,0.2,0.2,0.2,0.2]":-1.3374149,"[0.0,0.0,0.0,0.2,0.0,0.0,0.0,0.0,0.2,0.2,0.2,0.2]":-0.5005835},"input_std":[[7.379022],[1.513454],[0.80332077],[0.028501416],[1.5211704],[1.5122561],[1.4694036],[1.428926],[0.028590498],[0.028521018],[0.028348705],[0.028271183]],"model_test_loss":0.026318762451410294,"input_size":12,"current_date_and_time":"2023-06-15_02-57-14","input_mean":[[13.879904],[-0.2196233],[-0.09430983],[-0.015462123],[-0.2334176],[-0.24425215],[-0.24885839],[-0.24398145],[-0.015313028],[-0.015282636],[-0.015323677],[-0.015312626]],"input_vars":["v_ego","lateral_accel","lateral_jerk","roll","lateral_accel_p03","lateral_accel_p06","lateral_accel_p10","lateral_accel_p15","roll_p03","roll_p06","roll_p10","roll_p15"],"output_size":1,"test_dict_zero_bias":{"[20.0,0.0,4.0,0.2,1.2,2.4,4.0,6.0,0.2,0.2,0.2,0.2]":-0.026021767,"[0.0,0.0,0.0,0.0,0.0,0.0,0.0,0.0,0.0,0.0,0.0,0.0]":0.009711182,"[0.0,4.0,0.0,0.2,4.0,4.0,4.0,4.0,0.2,0.2,0.2,0.2]":0.82594496,"[0.0,-4.0,-4.0,0.0,-5.2,-6.4,-8.0,-10.0,0.0,0.0,0.0,0.0]":-1.5166585,"[20.0,4.0,4.0,0.0,5.2,6.4,8.0,10.0,0.0,0.0,0.0,0.0]":1.0216305,"[0.0,4.0,4.0,-0.2,5.2,6.4,8.0,10.0,-0.2,-0.2,-0.2,-0.2]":1.1370331,"[20.0,-4.0,4.0,0.0,-2.8,-1.6,0.0,2.0,0.0,0.0,0.0,0.0]":-1.119665,"[40.0,4.0,4.0,-0.2,5.2,6.4,8.0,10.0,-0.2,-0.2,-0.2,-0.2]":1.0845399,"[20.0,4.0,-4.0,0.0,2.8,1.6,0.0,-2.0,0.0,0.0,0.0,0.0]":0.6212902,"[20.0,-4.0,-4.0,0.0,-5.2,-6.4,-8.0,-10.0,0.0,0.0,0.0,0.0]":-1.4995162,"[20.0,0.0,-4.0,0.2,-1.2,-2.4,-4.0,-6.0,0.2,0.2,0.2,0.2]":-0.80049723,"[0.0,4.0,-4.0,0.2,2.8,1.6,0.0,-2.0,0.2,0.2,0.2,0.2]":0.51969117,"[40.0,4.0,0.0,0.0,4.0,4.0,4.0,4.0,0.0,0.0,0.0,0.0]":1.0051954,"[40.0,-4.0,-4.0,0.2,-5.2,-6.4,-8.0,-10.0,0.2,0.2,0.2,0.2]":-1.56511,"[0.0,-4.0,0.0,0.2,-4.0,-4.0,-4.0,-4.0,0.2,0.2,0.2,0.2]":-1.5602062,"[0.0,0.0,-4.0,-0.2,-1.2,-2.4,-4.0,-6.0,-0.2,-0.2,-0.2,-0.2]":-0.15959565,"[0.0,0.0,4.0,-0.2,1.2,2.4,4.0,6.0,-0.2,-0.2,-0.2,-0.2]":0.4645149,"[0.0,-4.0,0.0,-0.2,-4.0,-4.0,-4.0,-4.0,-0.2,-0.2,-0.2,-0.2]":-1.2027214,"[0.0,4.0,-4.0,0.0,2.8,1.6,0.0,-2.0,0.0,0.0,0.0,0.0]":0.5998299,"[0.0,0.0,-4.0,0.0,-1.2,-2.4,-4.0,-6.0,0.0,0.0,0.0,0.0]":-0.49787182,"[40.0,0.0,-4.0,0.2,-1.2,-2.4,-4.0,-6.0,0.2,0.2,0.2,0.2]":-0.82881486,"[0.0,4.0,-4.0,-0.2,2.8,1.6,0.0,-2.0,-0.2,-0.2,-0.2,-0.2]":0.6419736,"[40.0,-4.0,-4.0,-0.2,-5.2,-6.4,-8.0,-10.0,-0.2,-0.2,-0.2,-0.2]":-1.439718,"[40.0,-4.0,0.0,0.0,-4.0,-4.0,-4.0,-4.0,0.0,0.0,0.0,0.0]":-1.4262968,"[0.0,-4.0,0.0,0.0,-4.0,-4.0,-4.0,-4.0,0.0,0.0,0.0,0.0]":-1.4509472,"[20.0,0.0,-4.0,-0.2,-1.2,-2.4,-4.0,-6.0,-0.2,-0.2,-0.2,-0.2]":-0.15198264,