{"test_dict":{"[20.0,0.0,4.0,0.2,1.2,2.4,4.0,6.0,0.2,0.2,0.2,0.2]":1.5442863,"[0.0,0.0,0.0,0.0,0.0,0.0,0.0,0.0,0.0,0.0,0.0,0.0]":-0.040053643,"[0.0,4.0,0.0,0.2,4.0,4.0,4.0,4.0,0.2,0.2,0.2,0.2]":2.6237035,"[0.0,-4.0,-4.0,0.0,-5.2,-6.4,-8.0,-10.0,0.0,0.0,0.0,0.0]":-2.7814853,"[20.0,4.0,4.0,0.0,5.2,6.4,8.0,10.0,0.0,0.0,0.0,0.0]":2.6383226,"[0.0,4.0,4.0,-0.2,5.2,6.4,8.0,10.0,-0.2,-0.2,-0.2,-0.2]":2.8140676,"[20.0,-4.0,4.0,0.0,-2.8,-1.6,0.0,2.0,0.0,0.0,0.0,0.0]":-0.31363046,"[40.0,4.0,4.0,-0.2,5.2,6.4,8.0,10.0,-0.2,-0.2,-0.2,-0.2]":2.31358,"[20.0,4.0,-4.0,0.0,2.8,1.6,0.0,-2.0,0.0,0.0,0.0,0.0]":0.28420764,"[20.0,-4.0,-4.0,0.0,-5.2,-6.4,-8.0,-10.0,0.0,0.0,0.0,0.0]":-2.6171873,"[20.0,0.0,-4.0,0.2,-1.2,-2.4,-4.0,-6.0,0.2,0.2,0.2,0.2]":-1.923494,"[0.0,4.0,-4.0,0.2,2.8,1.6,0.0,-2.0,0.2,0.2,0.2,0.2]":0.2804216,"[40.0,4.0,0.0,0.0,4.0,4.0,4.0,4.0,0.0,0.0,0.0,0.0]":1.280908,"[40.0,-4.0,-4.0,0.2,-5.2,-6.4,-8.0,-10.0,0.2,0.2,0.2,0.2]":-2.3417068,"[0.0,-4.0,0.0,0.2,-4.0,-4.0,-4.0,-4.0,0.2,0.2,0.2,0.2]":-2.3354807,"[0.0,0.0,-4.0,-0.2,-1.2,-2.4,-4.0,-6.0,-0.2,-0.2,-0.2,-0.2]":-1.934131,"[0.0,0.0,4.0,-0.2,1.2,2.4,4.0,6.0,-0.2,-0.2,-0.2,-0.2]":2.2252183,"[0.0,-4.0,0.0,-0.2,-4.0,-4.0,-4.0,-4.0,-0.2,-0.2,-0.2,-0.2]":-2.2558885,"[0.0,4.0,-4.0,0.0,2.8,1.6,0.0,-2.0,0.0,0.0,0.0,0.0]":0.7463662,"[0.0,0.0,-4.0,0.0,-1.2,-2.4,-4.0,-6.0,0.0,0.0,0.0,0.0]":-2.119796,"[40.0,0.0,-4.0,0.2,-1.2,-2.4,-4.0,-6.0,0.2,0.2,0.2,0.2]":-1.539142,"[0.0,4.0,-4.0,-0.2,2.8,1.6,0.0,-2.0,-0.2,-0.2,-0.2,-0.2]":1.0887705,"[40.0,-4.0,-4.0,-0.2,-5.2,-6.4,-8.0,-10.0,-0.2,-0.2,-0.2,-0.2]":-2.2028337,"[40.0,-4.0,0.0,0.0,-4.0,-4.0,-4.0,-4.0,0.0,0.0,0.0,0.0]":-1.1455678,"[0.0,-4.0,0.0,0.0,-4.0,-4.0,-4.0,-4.0,0.0,0.0,0.0,0.0]":-2.2284396,"[20.0,0.0,-4.0,-0.2,-1.2,-2.4,-4.0,-6.0,-0.2,-0.2,-0.2,-0.2]":-1.566418,"[20.0,-4.0,0.0,0.2,-4.0,-4.0,-4.0,-4.0,0.2,0.2,0.2,0.2]":-1.6223414,"[20.0,4.0,-4.0,-0.2,2.8,1.6,0.0,-2.0,-0.2,-0.2,-0.2,-0.2]":0.58037937,"[0.0,0.0,4.0,0.0,1.2,2.4,4.0,6.0,0.0,0.0,0.0,0.0]":2.117167,"[0.0,-4.0,-4.0,-0.2,-5.2,-6.4,-8.0,-10.0,-0.2,-0.2,-0.2,-0.2]":-2.7572155,"[0.0,4.0,4.0,0.2,5.2,6.4,8.0,10.0,0.2,0.2,0.2,0.2]":2.7580345,"[40.0,0.0,0.0,0.0,0.0,0.0,0.0,0.0,0.0,0.0,0.0,0.0]":-0.0003976375,"[20.0,-4.0,-4.0,0.2,-5.2,-6.4,-8.0,-10.0,0.2,0.2,0.2,0.2]":-2.6487036,"[40.0,0.0,4.0,0.0,1.2,2.4,4.0,6.0,0.0,0.0,0.0,0.0]":1.395815,"[40.0,0.0,4.0,0.2,1.2,2.4,4.0,6.0,0.2,0.2,0.2,0.2]":1.2253227,"[20.0,-4.0,0.0,-0.2,-4.0,-4.0,-4.0,-4.0,-0.2,-0.2,-0.2,-0.2]":-1.5738508,"[40.0,-4.0,4.0,0.0,-2.8,-1.6,0.0,2.0,0.0,0.0,0.0,0.0]":-0.104025155,"[20.0,4.0,4.0,-0.2,5.2,6.4,8.0,10.0,-0.2,-0.2,-0.2,-0.2]":2.6729765,"[0.0,4.0,0.0,0.0,4.0,4.0,4.0,4.0,0.0,0.0,0.0,0.0]":2.4632616,"[20.0,4.0,0.0,0.2,4.0,4.0,4.0,4.0,0.2,0.2,0.2,0.2]":1.4784565,"[40.0,4.0,4.0,0.0,5.2,6.4,8.0,10.0,0.0,0.0,0.0,0.0]":2.2671556,"[0.0,-4.0,4.0,0.2,-2.8,-1.6,0.0,2.0,0.2,0.2,0.2,0.2]":-1.0698135,"[40.0,4.0,4.0,0.2,5.2,6.4,8.0,10.0,0.2,0.2,0.2,0.2]":2.2063692,"[20.0,0.0,-4.0,0.0,-1.2,-2.4,-4.0,-6.0,0.0,0.0,0.0,0.0]":-1.7660226,"[40.0,-4.0,4.0,-0.2,-2.8,-1.6,0.0,2.0,-0.2,-0.2,-0.2,-0.2]":0.14950994,"[40.0,-4.0,0.0,0.2,-4.0,-4.0,-4.0,-4.0,0.2,0.2,0.2,0.2]":-1.3107651,"[0.0,4.0,0.0,-0.2,4.0,4.0,4.0,4.0,-0.2,-0.2,-0.2,-0.2]":2.6540403,"[20.0,-4.0,-4.0,-0.2,-5.2,-6.4,-8.0,-10.0,-0.2,-0.2,-0.2,-0.2]":-2.5766156,"[40.0,0.0,0.0,0.2,0.0,0.0,0.0,0.0,0.2,0.2,0.2,0.2]":-0.39944586,"[20.0,-4.0,4.0,-0.2,-2.8,-1.6,0.0,2.0,-0.2,-0.2,-0.2,-0.2]":0.023096628,"[40.0,-4.0,4.0,0.2,-2.8,-1.6,0.0,2.0,0.2,0.2,0.2,0.2]":-0.31700695,"[20.0,0.0,4.0,-0.2,1.2,2.4,4.0,6.0,-0.2,-0.2,-0.2,-0.2]":1.8888174,"[20.0,4.0,4.0,0.2,5.2,6.4,8.0,10.0,0.2,0.2,0.2,0.2]":2.5904393,"[0.0,-4.0,4.0,0.0,-2.8,-1.6,0.0,2.0,0.0,0.0,0.0,0.0]":-0.76259845,"[40.0,4.0,0.0,0.2,4.0,4.0,4.0,4.0,0.2,0.2,0.2,0.2]":1.0106109,"[20.0,0.0,0.0,0.0,0.0,0.0,0.0,0.0,0.0,0.0,0.0,0.0]":0.0034667626,"[20.0,-4.0,0.0,0.0,-4.0,-4.0,-4.0,-4.0,0.0,0.0,0.0,0.0]":-1.4360149,"[0.0,4.0,4.0,0.0,5.2,6.4,8.0,10.0,0.0,0.0,0.0,0.0]":2.7908223,"[40.0,4.0,0.0,-0.2,4.0,4.0,4.0,4.0,-0.2,-0.2,-0.2,-0.2]":1.2998327,"[40.0,4.0,-4.0,0.2,2.8,1.6,0.0,-2.0,0.2,0.2,0.2,0.2]":-0.15082099,"[20.0,0.0,4.0,0.0,1.2,2.4,4.0,6.0,0.0,0.0,0.0,0.0]":1.7404268,"[40.0,-4.0,0.0,-0.2,-4.0,-4.0,-4.0,-4.0,-0.2,-0.2,-0.2,-0.2]":-1.0988277,"[0.0,0.0,4.0,0.2,1.2,2.4,4.0,6.0,0.2,0.2,0.2,0.2]":1.9293953,"[40.0,0.0,0.0,-0.2,0.0,0.0,0.0,0.0,-0.2,-0.2,-0.2,-0.2]":0.09943887,"[40.0,4.0,-4.0,-0.2,2.8,1.6,0.0,-2.0,-0.2,-0.2,-0.2,-0.2]":0.32422048,"[40.0,0.0,-4.0,-0.2,-1.2,-2.4,-4.0,-6.0,-0.2,-0.2,-0.2,-0.2]":-1.2766753,"[20.0,4.0,0.0,0.0,4.0,4.0,4.0,4.0,0.0,0.0,0.0,0.0]":1.4804776,"[0.0,-4.0,4.0,-0.2,-2.8,-1.6,0.0,2.0,-0.2,-0.2,-0.2,-0.2]":-0.37279457,"[40.0,-4.0,-4.0,0.0,-5.2,-6.4,-8.0,-10.0,0.0,0.0,0.0,0.0]":-2.279547,"[20.0,0.0,0.0,0.2,0.0,0.0,0.0,0.0,0.2,0.2,0.2,0.2]":-0.472551,"[0.0,0.0,-4.0,0.2,-1.2,-2.4,-4.0,-6.0,0.2,0.2,0.2,0.2]":-2.2511704,"[40.0,0.0,-4.0,0.0,-1.2,-2.4,-4.0,-6.0,0.0,0.0,0.0,0.0]":-1.4212285,"[20.0,4.0,-4.0,0.2,2.8,1.6,0.0,-2.0,0.2,0.2,0.2,0.2]":-0.052014954,"[40.0,0.0,4.0,-0.2,1.2,2.4,4.0,6.0,-0.2,-0.2,-0.2,-0.2]":1.5337545,"[40.0,4.0,-4.0,0.0,2.8,1.6,0.0,-2.0,0.0,0.0,0.0,0.0]":0.09702162,"[20.0,0.0,0.0,-0.2,0.0,0.0,0.0,0.0,-0.2,-0.2,-0.2,-0.2]":0.33632252,"[20.0,4.0,0.0,-0.2,4.0,4.0,4.0,4.0,-0.2,-0.2,-0.2,-0.2]":1.5196819,"[20.0,-4.0,4.0,0.2,-2.8,-1.6,0.0,2.0,0.2,0.2,0.2,0.2]":-0.6090893,"[0.0,0.0,0.0,-0.2,0.0,0.0,0.0,0.0,-0.2,-0.2,-0.2,-0.2]":0.6880932,"[0.0,-4.0,-4.0,0.2,-5.2,-6.4,-8.0,-10.0,0.2,0.2,0.2,0.2]":-2.7986887,"[0.0,0.0,0.0,0.2,0.0,0.0,0.0,0.0,0.2,0.2,0.2,0.2]":-0.49916682},"input_std":[[9.291909],[1.7118322],[0.063556924],[0.03217429],[1.6070675],[1.5034465],[1.3930854],[1.3386246],[0.03220736],[0.032349028],[0.03248729],[0.032502875]],"model_test_loss":0.05204717069864273,"input_size":12,"current_date_and_time":"2023-06-15_03-27-37","input_mean":[[17.491684],[0.051171266],[-0.0005102102],[-0.03209713],[0.05800937],[0.042657446],[0.027450552],[0.033807382],[-0.03246078],[-0.032724474],[-0.03283074],[-0.032669064]],"input_vars":["v_ego","lateral_accel","lateral_jerk","roll","lateral_accel_p03","lateral_accel_p06","lateral_accel_p10","lateral_accel_p15","roll_p03","roll_p06","roll_p10","roll_p15"],"output_size":1,"test_dict_zero_bias":{"[20.0,0.0,4.0,0.2,1.2,2.4,4.0,6.0,0.2,0.2,0.2,0.2]":1.797852,"[0.0,0.0,0.0,0.0,0.0,0.0,0.0,0.0,0.0,0.0,0.0,0.0]":-0.66493934,"[0.0,4.0,0.0,0.2,4.0,4.0,4.0,4.0,0.2,0.2,0.2,0.2]":2.9764466,"[0.0,-4.0,-4.0,0.0,-5.2,-6.4,-8.0,-10.0,0.0,0.0,0.0,0.0]":-2.4273753,"[20.0,4.0,4.0,0.0,5.2,6.4,8.0,10.0,0.0,0.0,0.0,0.0]":2.9958134,"[0.0,4.0,4.0,-0.2,5.2,6.4,8.0,10.0,-0.2,-0.2,-0.2,-0.2]":2.9521391,"[20.0,-4.0,4.0,0.0,-2.8,-1.6,0.0,2.0,0.0,0.0,0.0,0.0]":-0.7064853,"[40.0,4.0,4.0,-0.2,5.2,6.4,8.0,10.0,-0.2,-0.2,-0.2,-0.2]":2.7908068,"[20.0,4.0,-4.0,0.0,2.8,1.6,0.0,-2.0,0.0,0.0,0.0,0.0]":0.40151134,"[20.0,-4.0,-4.0,0.0,-5.2,-6.4,-8.0,-10.0,0.0,0.0,0.0,0.0]":-2.4468846,"[20.0,0.0,-4.0,0.2,-1.2,-2.4,-4.0,-6.0,0.2,0.2,0.2,0.2]":-2.013934,"[0.0,4.0,-4.0,0.2,2.8,1.6,0.0,-2.0,0.2,0.2,0.2,0.2]":-0.14177576,"[40.0,4.0,0.0,0.0,4.0,4.0,4.0,4.0,0.0,0.0,0.0,0.0]":1.7682809,"[40.0,-4.0,-4.0,0.2,-5.2,-6.4,-8.0,-10.0,0.2,0.2,0.2,0.2]":-2.3109133,"[0.0,-4.0,0.0,0.2,-4.0,-4.0,-4.0,-4.0,0.2,0.2,0.2,0.2]":-2.4351475,"[0.0,0.0,-4.0,-0.2,-1.2,-2.4,-4.0,-6.0,-0.2,-0.2,-0.2,-0.2]":-1.7745514,"[0.0,0.0,4.0,-0.2,1.2,2.4,4.0,6.0,-0.2,-0.2,-0.2,-0.2]":2.1414359,"[0.0,-4.0,0.0,-0.2,-4.0,-4.0,-4.0,-4.0,-0.2,-0.2,-0.2,-0.2]":-2.3432672,"[0.0,4.0,-4.0,0.0,2.8,1.6,0.0,-2.0,0.0,0.0,0.0,0.0]":0.40956923,"[0.0,0.0,-4.0,0.0,-1.2,-2.4,-4.0,-6.0,0.0,0.0,0.0,0.0]":-1.9123607,"[40.0,0.0,-4.0,0.2,-1.2,-2.4,-4.0,-6.0,0.2,0.2,0.2,0.2]":-1.5219076,"[0.0,4.0,-4.0,-0.2,2.8,1.6,0.0,-2.0,-0.2,-0.2,-0.2,-0.2]":0.92785025,"[40.0,-4.0,-4.0,-0.2,-5.2,-6.4,-8.0,-10.0,-0.2,-0.2,-0.2,-0.2]":-2.2191234,"[40.0,-4.0,0.0,0.0,-4.0,-4.0,-4.0,-4.0,0.0,0.0,0.0,0.0]":-1.273234,"[0.0,-4.0,0.0,0.0,-4.0,-4.0,-4.0,-4.0,0.0,0.0,0.0,0.0]":-2.358328,"[20.0,0.0,-4.0,-0.2,-1.2,-2.4,-4.0,-6.0,-0.2,-0.2,-0.2,-0.2]":-1.7258801,